Algorithm,Dataset,HammingLoss,Desv1,Accuracy,Desv2,Precision,Desv3,Recall,Desv4,FMeasure,Desv5,SubsetAccuracy,Desv6,MacroFMeasure,Desv7,MacroPrecision,Desv8,MacroRecall,Desv9,MicroFMeasure,Desv10,MicroPrecision,Desv11,MicroRecall,Desv12,OneError,Desv13,Coverage,Desv14,RankingLoss,Desv15,AveragePrecision,Desv16
BR-J48,CAL500-5x2x1,0.1632,0.0015,0.2134,0.0095,0.4390,0.0151,0.2968,0.0171,0.3465,0.0126,0.0000,0.0000,0.2947,0.0070,0.2508,0.0161,0.1190,0.0069,0.3485,0.0122,0.4332,0.0168,0.2920,0.0154,0.7093,0.0339,169.1071,1.1301,0.3139,0.0134,0.3472,0.0130
BR-J48,CAL500-5x2x2,0.1627,0.0020,0.2136,0.0063,0.4405,0.0060,0.2961,0.0130,0.3465,0.0090,0.0000,0.0000,0.2920,0.0093,0.2491,0.0213,0.1202,0.0078,0.3492,0.0091,0.4354,0.0078,0.2919,0.0132,0.7311,0.0257,169.3067,0.7647,0.3179,0.0105,0.3438,0.0068
BR-J48,corel5k-5x2x1,0.0098,0.0001,0.0569,0.0025,0.3624,0.0140,0.0618,0.0027,0.4676,0.0109,0.0032,0.0017,0.1761,0.0105,0.3387,0.0468,0.0152,0.0013,0.1068,0.0038,0.3696,0.0183,0.0625,0.0026,0.7110,0.0096,127.4314,1.8519,0.1474,0.0017,0.2448,0.0067
BR-J48,corel5k-5x2x2,0.0098,0.0001,0.0604,0.0015,0.3662,0.0155,0.0663,0.0017,0.4633,0.0047,0.0034,0.0010,0.1787,0.0144,0.3151,0.0403,0.0152,0.0011,0.1125,0.0022,0.3727,0.0197,0.0663,0.0016,0.7024,0.0130,127.6454,1.9764,0.1475,0.0034,0.2452,0.0059
BR-J48,emotions-5x2x1,0.2558,0.0111,0.4343,0.0246,0.6006,0.0269,0.5579,0.0354,0.7099,0.0070,0.1787,0.0278,0.5627,0.0200,0.5893,0.0147,0.5489,0.0248,0.5752,0.0230,0.5953,0.0184,0.5568,0.0298,0.4165,0.0642,2.5718,0.1786,0.3001,0.0374,0.6899,0.0341
BR-J48,emotions-5x2x2,0.2510,0.0231,0.4527,0.0388,0.6070,0.0560,0.5830,0.0401,0.7143,0.0187,0.1991,0.0369,0.5798,0.0181,0.5936,0.0383,0.5793,0.0263,0.5938,0.0317,0.6011,0.0429,0.5891,0.0390,0.4216,0.0746,2.4889,0.1219,0.2891,0.0291,0.6931,0.0335
BR-J48,enron-5x2x1,0.0520,0.0016,0.4037,0.0184,0.6427,0.0057,0.4893,0.0216,0.6090,0.0074,0.1010,0.0185,0.3994,0.0244,0.4483,0.0261,0.1464,0.0107,0.5353,0.0140,0.6213,0.0053,0.4706,0.0202,0.3843,0.0330,23.3937,0.8399,0.1774,0.0115,0.5879,0.0127
BR-J48,enron-5x2x2,0.0525,0.0010,0.3983,0.0234,0.6355,0.0161,0.4863,0.0264,0.6041,0.0102,0.1022,0.0192,0.4064,0.0241,0.4165,0.0362,0.1434,0.0087,0.5314,0.0167,0.6161,0.0135,0.4674,0.0200,0.4001,0.0305,22.4724,0.8673,0.1718,0.0087,0.5890,0.0118
BR-J48,genbase-5x2x1,0.0013,0.0005,0.9839,0.0072,0.9947,0.0049,0.9892,0.0062,0.9903,0.0035,0.9668,0.0140,0.9861,0.0066,0.9724,0.0252,0.9079,0.0299,0.9861,0.0051,0.9894,0.0096,0.9829,0.0076,0.0030,0.0037,0.3836,0.0720,0.0033,0.0030,0.9909,0.0049
BR-J48,genbase-5x2x2,0.0012,0.0007,0.9846,0.0094,0.9947,0.0042,0.9899,0.0075,0.9918,0.0045,0.9698,0.0166,0.9920,0.0076,0.9732,0.0335,0.9221,0.0456,0.9873,0.0076,0.9892,0.0071,0.9855,0.0112,0.0075,0.0082,0.3534,0.0992,0.0028,0.0028,0.9911,0.0058
BR-J48,scene-5x2x1,0.1338,0.0072,0.5395,0.0168,0.6826,0.0203,0.6420,0.0184,0.8715,0.0118,0.4250,0.0216,0.6408,0.0140,0.6456,0.0182,0.6398,0.0186,0.6279,0.0159,0.6256,0.0206,0.6306,0.0181,0.4134,0.0078,1.3319,0.1077,0.2446,0.0207,0.7113,0.0077
BR-J48,scene-5x2x2,0.1388,0.0040,0.5241,0.0146,0.6679,0.0135,0.6169,0.0169,0.8796,0.0083,0.4200,0.0176,0.6220,0.0095,0.6276,0.0093,0.6193,0.0137,0.6101,0.0116,0.6135,0.0121,0.6070,0.0158,0.4292,0.0098,1.3303,0.0798,0.2452,0.0138,0.7019,0.0109
BR-J48,yeast-5x2x1,0.2499,0.0020,0.4322,0.0057,0.6042,0.0015,0.5703,0.0129,0.6123,0.0047,0.0625,0.0069,0.4461,0.0056,0.4376,0.0257,0.3773,0.0062,0.5793,0.0056,0.5905,0.0040,0.5687,0.0117,0.4270,0.0400,9.2981,0.2360,0.3172,0.0089,0.6110,0.0054
BR-J48,yeast-5x2x2,0.2511,0.0060,0.4336,0.0096,0.5999,0.0166,0.5697,0.0145,0.6152,0.0105,0.0741,0.0049,0.4221,0.0095,0.4192,0.0130,0.3749,0.0113,0.5781,0.0107,0.5884,0.0148,0.5684,0.0141,0.4092,0.0330,9.2473,0.1191,0.3140,0.0099,0.6197,0.0085
LP-J48,CAL500-5x2x1,0.2002,0.0034,0.2043,0.0044,0.3357,0.0044,0.3368,0.0126,0.3298,0.0079,0.0000,0.0000,0.2817,0.0090,0.1630,0.0081,0.1678,0.0130,0.3325,0.0079,0.3319,0.0054,0.3334,0.0132,0.9881,0.0115,170.9731,0.4106,0.6572,0.0107,0.1162,0.0038
LP-J48,CAL500-5x2x2,0.2016,0.0018,0.1991,0.0053,0.3295,0.0125,0.3297,0.0057,0.3219,0.0074,0.0000,0.0000,0.2790,0.0080,0.1602,0.0071,0.1584,0.0057,0.3264,0.0067,0.3266,0.0112,0.3263,0.0051,0.9881,0.0074,170.9493,0.4063,0.6584,0.0097,0.1159,0.0031
LP-J48,corel5k-5x2x1,0.0167,0.0001,0.0766,0.0017,0.1126,0.0033,0.1111,0.0031,0.4002,0.0058,0.0146,0.0005,0.1431,0.0151,0.0361,0.0033,0.0331,0.0031,0.1101,0.0031,0.1104,0.0035,0.1098,0.0027,0.9842,0.0016,347.0530,0.6419,0.7475,0.0040,0.0227,0.0013
LP-J48,corel5k-5x2x2,0.0167,0.0002,0.0737,0.0062,0.1084,0.0079,0.1082,0.0089,0.3980,0.0085,0.0126,0.0027,0.1327,0.0141,0.0355,0.0056,0.0330,0.0070,0.1084,0.0089,0.1089,0.0088,0.1080,0.0090,0.9878,0.0039,348.1636,1.0212,0.7503,0.0067,0.0199,0.0024
LP-J48,emotions-5x2x1,0.2628,0.0067,0.4600,0.0168,0.5790,0.0132,0.5601,0.0195,0.7324,0.0190,0.2277,0.0287,0.5686,0.0180,0.5781,0.0160,0.5665,0.0212,0.5777,0.0145,0.5783,0.0180,0.5775,0.0172,0.4402,0.0514,2.6868,0.1877,0.3353,0.0348,0.6649,0.0318
LP-J48,emotions-5x2x2,0.2763,0.0218,0.4516,0.0351,0.5576,0.0421,0.5722,0.0420,0.7175,0.0161,0.2074,0.0306,0.5521,0.0397,0.5492,0.0402,0.5625,0.0421,0.5604,0.0364,0.5553,0.0350,0.5659,0.0400,0.4537,0.0642,2.7000,0.1760,0.3425,0.0418,0.6643,0.0373
LP-J48,enron-5x2x1,0.0727,0.0013,0.3339,0.0072,0.4582,0.0089,0.4377,0.0111,0.5483,0.0121,0.1099,0.0087,0.2986,0.0258,0.1531,0.0113,0.1490,0.0167,0.4170,0.0116,0.4264,0.0110,0.4082,0.0136,0.8037,0.0268,39.6451,0.5394,0.5470,0.0199,0.2286,0.0179
LP-J48,enron-5x2x2,0.0725,0.0025,0.3354,0.0187,0.4589,0.0256,0.4453,0.0202,0.5530,0.0181,0.1099,0.0105,0.3087,0.0111,0.1726,0.0131,0.1554,0.0096,0.4220,0.0154,0.4290,0.0193,0.4153,0.0130,0.8102,0.0255,39.6079,0.9301,0.5460,0.0220,0.2263,0.0184
LP-J48,genbase-5x2x1,0.0023,0.0012,0.9788,0.0080,0.9887,0.0067,0.9807,0.0084,0.9903,0.0031,0.9653,0.0102,0.9677,0.0235,0.9721,0.0167,0.8780,0.0427,0.9753,0.0118,0.9843,0.0086,0.9666,0.0168,0.0121,0.0061,0.5183,0.1821,0.0084,0.0046,0.9847,0.0071
LP-J48,genbase-5x2x2,0.0019,0.0014,0.9825,0.0103,0.9924,0.0069,0.9837,0.0098,0.9909,0.0066,0.9698,0.0151,0.9721,0.0263,0.9828,0.0268,0.8944,0.0572,0.9795,0.0145,0.9890,0.0116,0.9703,0.0197,0.0091,0.0088,0.5194,0.1622,0.0073,0.0046,0.9872,0.0072
LP-J48,scene-5x2x1,0.1408,0.0097,0.5983,0.0280,0.6171,0.0258,0.6215,0.0327,0.9548,0.0046,0.5567,0.0260,0.6172,0.0257,0.6185,0.0240,0.6187,0.0303,0.6073,0.0272,0.6063,0.0231,0.6084,0.0317,0.3934,0.0261,1.1300,0.1013,0.2073,0.0183,0.7370,0.0203
LP-J48,scene-5x2x2,0.1471,0.0095,0.5787,0.0259,0.6006,0.0303,0.6001,0.0234,0.9520,0.0031,0.5355,0.0243,0.5998,0.0278,0.6038,0.0282,0.5984,0.0274,0.5888,0.0264,0.5893,0.0297,0.5883,0.0235,0.4142,0.0272,1.2405,0.0839,0.2280,0.0182,0.7170,0.0184
LP-J48,yeast-5x2x1,0.2789,0.0078,0.4089,0.0109,0.5417,0.0184,0.5404,0.0128,0.6178,0.0099,0.1328,0.0090,0.4038,0.0190,0.3829,0.0185,0.3799,0.0146,0.5377,0.0120,0.5395,0.0133,0.5361,0.0122,0.5176,0.0060,9.5052,0.0992,0.4057,0.0112,0.5675,0.0067
LP-J48,yeast-5x2x2,0.2834,0.0073,0.4027,0.0116,0.5311,0.0180,0.5248,0.0092,0.6185,0.0085,0.1382,0.0117,0.3986,0.0167,0.3797,0.0071,0.3726,0.0086,0.5284,0.0097,0.5325,0.0169,0.5245,0.0060,0.5275,0.0261,9.4597,0.1118,0.4080,0.0071,0.5642,0.0101
RAkEL-BR,CAL500-5x2x1,0.1632,0.0015,0.2134,0.0095,0.4390,0.0151,0.2968,0.0171,0.3465,0.0126,0.0000,0.0000,0.2947,0.0070,0.2508,0.0161,0.1190,0.0069,0.3485,0.0122,0.4332,0.0168,0.2920,0.0154,0.6973,0.0394,169.5662,0.7248,0.4770,0.0148,0.2743,0.0101
RAkEL-BR,CAL500-5x2x2,0.1627,0.0020,0.2136,0.0063,0.4405,0.0060,0.2961,0.0130,0.3465,0.0090,0.0000,0.0000,0.2920,0.0093,0.2491,0.0213,0.1202,0.0078,0.3492,0.0091,0.4354,0.0078,0.2919,0.0132,0.7090,0.0404,169.3335,0.4042,0.4730,0.0037,0.2733,0.0044
RAkEL-BR,corel5k-5x2x1,0.0098,0.0001,0.0569,0.0025,0.3624,0.0140,0.0618,0.0027,0.4676,0.0109,0.0032,0.0017,0.1761,0.0105,0.3387,0.0468,0.0152,0.0013,0.1068,0.0038,0.3696,0.0183,0.0625,0.0026,0.8514,0.0081,342.6982,2.3650,0.7010,0.0049,0.0680,0.0021
RAkEL-BR,corel5k-5x2x2,0.0098,0.0001,0.0604,0.0015,0.3662,0.0155,0.0663,0.0017,0.4633,0.0047,0.0034,0.0010,0.1787,0.0144,0.3151,0.0403,0.0152,0.0011,0.1125,0.0022,0.3727,0.0197,0.0663,0.0016,0.8432,0.0034,342.1606,0.4082,0.6956,0.0054,0.0712,0.0014
RAkEL-BR,emotions-5x2x1,0.2558,0.0111,0.4343,0.0246,0.6006,0.0269,0.5579,0.0354,0.7099,0.0070,0.1787,0.0278,0.5627,0.0200,0.5893,0.0147,0.5489,0.0248,0.5752,0.0230,0.5953,0.0184,0.5568,0.0298,0.3980,0.0456,2.6611,0.0748,0.3158,0.0273,0.6872,0.0257
RAkEL-BR,emotions-5x2x2,0.2510,0.0231,0.4527,0.0388,0.6070,0.0560,0.5830,0.0401,0.7143,0.0187,0.1991,0.0369,0.5798,0.0181,0.5936,0.0383,0.5793,0.0263,0.5938,0.0317,0.6011,0.0429,0.5891,0.0390,0.4014,0.0847,2.5189,0.1618,0.2930,0.0363,0.6994,0.0392
RAkEL-BR,enron-5x2x1,0.0520,0.0016,0.4037,0.0184,0.6427,0.0057,0.4893,0.0216,0.6090,0.0074,0.1010,0.0185,0.3994,0.0244,0.4483,0.0261,0.1464,0.0107,0.5353,0.0140,0.6213,0.0053,0.4706,0.0202,0.4342,0.0163,32.2349,0.4937,0.3139,0.0158,0.4632,0.0173
RAkEL-BR,enron-5x2x2,0.0525,0.0010,0.3983,0.0234,0.6355,0.0161,0.4863,0.0264,0.6041,0.0102,0.1022,0.0192,0.4064,0.0241,0.4165,0.0362,0.1434,0.0087,0.5314,0.0167,0.6161,0.0135,0.4674,0.0200,0.4477,0.0240,31.9000,0.8568,0.3115,0.0151,0.4599,0.0213
RAkEL-BR,genbase-5x2x1,0.0013,0.0005,0.9839,0.0072,0.9947,0.0049,0.9892,0.0062,0.9903,0.0035,0.9668,0.0140,0.9861,0.0066,0.9724,0.0252,0.9079,0.0299,0.9861,0.0051,0.9894,0.0096,0.9829,0.0076,0.0091,0.0056,0.3610,0.0527,0.0029,0.0022,0.9899,0.0036
RAkEL-BR,genbase-5x2x2,0.0012,0.0007,0.9846,0.0094,0.9947,0.0042,0.9899,0.0075,0.9918,0.0045,0.9698,0.0166,0.9920,0.0076,0.9732,0.0335,0.9221,0.0456,0.9873,0.0076,0.9892,0.0071,0.9855,0.0112,0.0106,0.0102,0.3761,0.0809,0.0038,0.0028,0.9895,0.0063
RAkEL-BR,scene-5x2x1,0.1338,0.0072,0.5395,0.0168,0.6826,0.0203,0.6420,0.0184,0.8715,0.0118,0.4250,0.0216,0.6408,0.0140,0.6456,0.0182,0.6398,0.0186,0.6279,0.0159,0.6256,0.0206,0.6306,0.0181,0.4134,0.0217,1.0964,0.0468,0.1993,0.0097,0.7309,0.0118
RAkEL-BR,scene-5x2x2,0.1388,0.0040,0.5241,0.0146,0.6679,0.0135,0.6169,0.0169,0.8796,0.0083,0.4200,0.0176,0.6220,0.0095,0.6276,0.0093,0.6193,0.0137,0.6101,0.0116,0.6135,0.0121,0.6070,0.0158,0.4325,0.0099,1.1271,0.0239,0.2064,0.0043,0.7204,0.0067
RAkEL-BR,yeast-5x2x1,0.2488,0.0027,0.4332,0.0060,0.6067,0.0031,0.5700,0.0128,0.6136,0.0049,0.0637,0.0072,0.4531,0.0134,0.4572,0.0228,0.3766,0.0066,0.5803,0.0060,0.5929,0.0053,0.5685,0.0116,0.2631,0.0075,9.6975,0.1908,0.3416,0.0070,0.6389,0.0046
RAkEL-BR,yeast-5x2x2,0.2500,0.0062,0.4343,0.0095,0.6021,0.0163,0.5693,0.0147,0.6161,0.0110,0.0741,0.0049,0.4401,0.0116,0.4392,0.0237,0.3734,0.0117,0.5789,0.0105,0.5906,0.0149,0.5680,0.0142,0.2689,0.0218,9.5859,0.0528,0.3439,0.0067,0.6379,0.0085
HOMER,CAL500-5x2x1,0.1904,0.0027,0.2516,0.0058,0.3807,0.0080,0.4292,0.0152,0.3966,0.0076,0.0000,0.0000,0.3330,0.0069,0.2118,0.0167,0.1906,0.0093,0.4001,0.0081,0.3788,0.0101,0.4243,0.0136,0.8566,0.0348,168.7747,0.7369,0.3763,0.0053,0.2859,0.0087
HOMER,CAL500-5x2x2,0.1872,0.0063,0.2477,0.0071,0.3862,0.0088,0.4131,0.0176,0.3922,0.0090,0.0000,0.0000,0.3303,0.0122,0.2125,0.0081,0.1843,0.0142,0.3955,0.0089,0.3830,0.0080,0.4092,0.0167,0.7569,0.0491,169.1583,0.4316,0.3745,0.0077,0.3008,0.0050
HOMER,corel5k-5x2x1,0.0133,0.0003,0.1005,0.0067,0.2188,0.0098,0.1457,0.0107,0.3836,0.0071,0.0026,0.0010,0.1932,0.0061,0.0973,0.0103,0.0309,0.0021,0.1717,0.0091,0.2088,0.0085,0.1461,0.0108,0.7924,0.0174,281.3386,6.1227,0.4424,0.0184,0.1231,0.0080
HOMER,corel5k-5x2x2,0.0132,0.0003,0.1053,0.0060,0.2307,0.0102,0.1501,0.0075,0.3878,0.0119,0.0028,0.0030,0.1899,0.0134,0.0975,0.0177,0.0316,0.0016,0.1770,0.0086,0.2152,0.0126,0.1504,0.0068,0.7840,0.0195,281.6864,3.1290,0.4395,0.0102,0.1277,0.0082
HOMER,emotions-5x2x1,0.2647,0.0093,0.4218,0.0196,0.5951,0.0265,0.5568,0.0207,0.7057,0.0123,0.1636,0.0284,0.5448,0.0246,0.5705,0.0181,0.5320,0.0262,0.5611,0.0213,0.5797,0.0211,0.5440,0.0252,0.4553,0.0509,2.6593,0.0657,0.3259,0.0193,0.6656,0.0221
HOMER,emotions-5x2x2,0.2527,0.0065,0.4582,0.0163,0.6188,0.0098,0.5923,0.0362,0.7223,0.0178,0.1956,0.0280,0.5837,0.0110,0.5944,0.0154,0.5846,0.0290,0.5920,0.0127,0.5957,0.0128,0.5892,0.0272,0.3997,0.0358,2.5260,0.0463,0.2971,0.0195,0.6952,0.0192
HOMER,enron-5x2x1,0.0589,0.0023,0.4034,0.0128,0.5797,0.0147,0.5298,0.0175,0.5933,0.0049,0.1011,0.0082,0.3717,0.0200,0.2492,0.0082,0.1760,0.0234,0.5192,0.0072,0.5419,0.0163,0.4989,0.0137,0.4630,0.0375,27.7178,1.2621,0.2454,0.0170,0.5010,0.0106
HOMER,enron-5x2x2,0.0577,0.0029,0.4185,0.0215,0.5917,0.0296,0.5440,0.0171,0.6051,0.0119,0.1140,0.0175,0.3863,0.0252,0.2711,0.0300,0.1760,0.0181,0.5338,0.0156,0.5524,0.0352,0.5177,0.0107,0.4578,0.0511,28.2897,2.1779,0.2505,0.0257,0.5018,0.0308
HOMER,genbase-5x2x1,0.0016,0.0005,0.9795,0.0084,0.9927,0.0051,0.9847,0.0082,0.9892,0.0045,0.9622,0.0135,0.9811,0.0073,0.9703,0.0276,0.9015,0.0265,0.9825,0.0055,0.9871,0.0106,0.9781,0.0088,0.0121,0.0091,0.5437,0.1233,0.0069,0.0027,0.9853,0.0065
HOMER,genbase-5x2x2,0.0017,0.0011,0.9790,0.0113,0.9939,0.0057,0.9843,0.0080,0.9899,0.0050,0.9622,0.0197,0.9750,0.0175,0.9702,0.0417,0.9022,0.0493,0.9814,0.0116,0.9868,0.0130,0.9761,0.0129,0.0106,0.0102,0.5345,0.2117,0.0062,0.0035,0.9868,0.0066
HOMER,scene-5x2x1,0.1437,0.0069,0.5095,0.0145,0.6534,0.0210,0.6154,0.0201,0.8651,0.0139,0.3964,0.0213,0.6122,0.0149,0.6137,0.0182,0.6147,0.0222,0.6020,0.0145,0.5973,0.0175,0.6071,0.0206,0.4449,0.0169,1.2526,0.0713,0.2321,0.0136,0.7007,0.0141
HOMER,scene-5x2x2,0.1434,0.0058,0.5269,0.0224,0.6460,0.0197,0.6090,0.0254,0.8876,0.0098,0.4296,0.0203,0.6104,0.0188,0.6114,0.0158,0.6122,0.0237,0.6001,0.0193,0.5989,0.0171,0.6015,0.0235,0.4354,0.0288,1.2529,0.1759,0.2310,0.0360,0.7048,0.0279
HOMER,yeast-5x2x1,0.2632,0.0124,0.4272,0.0168,0.5796,0.0244,0.5919,0.0178,0.6084,0.0118,0.0559,0.0101,0.4362,0.0121,0.4148,0.0169,0.4055,0.0154,0.5758,0.0154,0.5628,0.0218,0.5900,0.0169,0.4038,0.0643,9.4078,0.1685,0.3368,0.0125,0.6049,0.0154
HOMER,yeast-5x2x2,0.2632,0.0052,0.4313,0.0079,0.5847,0.0160,0.5978,0.0256,0.6057,0.0020,0.0612,0.0077,0.4307,0.0115,0.4089,0.0182,0.4108,0.0202,0.5769,0.0054,0.5627,0.0162,0.5932,0.0236,0.4158,0.0554,9.4532,0.1387,0.3388,0.0078,0.6010,0.0144
CLR,CAL500-5x2x1,0.1382,0.0032,0.1782,0.0112,0.6341,0.0117,0.2008,0.0146,0.2974,0.0144,0.0000,0.0000,0.3254,0.0086,0.5078,0.0653,0.0526,0.0042,0.2969,0.0165,0.6223,0.0123,0.1952,0.0142,0.1334,0.0203,130.8860,1.8991,0.1810,0.0030,0.5047,0.0043
CLR,CAL500-5x2x2,0.1380,0.0029,0.1792,0.0108,0.6386,0.0091,0.2024,0.0137,0.2982,0.0146,0.0000,0.0000,0.3392,0.0109,0.4777,0.0383,0.0534,0.0041,0.2986,0.0149,0.6231,0.0168,0.1966,0.0126,0.1174,0.0350,132.2864,0.9192,0.1808,0.0033,0.5072,0.0120
CLR,corel5k-5x2x1,0.0095,0.0001,0.0343,0.0036,0.4574,0.0389,0.0360,0.0037,0.4525,0.0101,0.0014,0.0012,0.1295,0.0127,0.6352,0.0638,0.0053,0.0006,0.0677,0.0064,0.4568,0.0319,0.0366,0.0035,0.6698,0.0144,104.1318,1.2721,0.1176,0.0021,0.2859,0.0080
CLR,corel5k-5x2x2,0.0095,0.0000,0.0378,0.0007,0.4667,0.0117,0.0397,0.0013,0.4614,0.0065,0.0018,0.0012,0.1365,0.0086,0.6544,0.0363,0.0056,0.0004,0.0735,0.0029,0.4702,0.0144,0.0399,0.0018,0.6734,0.0075,104.4004,2.2380,0.1175,0.0031,0.2858,0.0038
CLR,emotions-5x2x1,0.2538,0.0094,0.4418,0.0215,0.6117,0.0299,0.6130,0.0307,0.7117,0.0136,0.1585,0.0135,0.5902,0.0205,0.5906,0.0174,0.5967,0.0256,0.5985,0.0202,0.5894,0.0159,0.6081,0.0270,0.3271,0.0217,1.9240,0.0581,0.1897,0.0158,0.7667,0.0097
CLR,emotions-5x2x2,0.2460,0.0149,0.4542,0.0275,0.6310,0.0410,0.6221,0.0465,0.7169,0.0157,0.1822,0.0344,0.6063,0.0195,0.5997,0.0215,0.6241,0.0470,0.6158,0.0246,0.6009,0.0262,0.6345,0.0490,0.3104,0.0517,1.9159,0.1021,0.1830,0.0189,0.7726,0.0208
CLR,enron-5x2x1,0.0478,0.0009,0.4161,0.0118,0.7036,0.0099,0.4896,0.0115,0.6317,0.0072,0.1087,0.0131,0.4178,0.0368,0.6009,0.0498,0.1353,0.0081,0.5586,0.0067,0.6798,0.0095,0.4742,0.0113,0.2385,0.0126,11.5887,0.4103,0.0741,0.0049,0.6954,0.0097
CLR,enron-5x2x2,0.0475,0.0013,0.4181,0.0269,0.7059,0.0114,0.4922,0.0312,0.6326,0.0114,0.1069,0.0199,0.4219,0.0273,0.5798,0.0486,0.1341,0.0084,0.5606,0.0182,0.6824,0.0120,0.4760,0.0219,0.2315,0.0249,11.5231,0.4040,0.0733,0.0011,0.6955,0.0127
CLR,genbase-5x2x1,0.0014,0.0006,0.9833,0.0062,0.9942,0.0058,0.9884,0.0060,0.9897,0.0038,0.9668,0.0113,0.9866,0.0105,0.9854,0.0150,0.9048,0.0255,0.9850,0.0057,0.9884,0.0117,0.9818,0.0071,0.0015,0.0030,0.6978,0.2537,0.0097,0.0060,0.9898,0.0063
CLR,genbase-5x2x2,0.0013,0.0009,0.9842,0.0103,0.9949,0.0037,0.9886,0.0088,0.9914,0.0053,0.9683,0.0175,0.9830,0.0139,0.9807,0.0188,0.9116,0.0532,0.9855,0.0097,0.9891,0.0073,0.9820,0.0136,0.0030,0.0037,0.6346,0.3205,0.0080,0.0078,0.9906,0.0083
CLR,scene-5x2x1,0.1361,0.0076,0.5307,0.0150,0.6991,0.0224,0.6667,0.0158,0.8426,0.0127,0.4005,0.0181,0.6492,0.0120,0.6389,0.0217,0.6648,0.0149,0.6335,0.0149,0.6126,0.0237,0.6565,0.0141,0.2971,0.0196,0.5758,0.0286,0.0985,0.0056,0.8261,0.0111
CLR,scene-5x2x2,0.1417,0.0065,0.5178,0.0141,0.6862,0.0203,0.6480,0.0074,0.8449,0.0140,0.3964,0.0251,0.6307,0.0096,0.6202,0.0166,0.6463,0.0054,0.6173,0.0118,0.5980,0.0198,0.6383,0.0070,0.3186,0.0180,0.6248,0.0482,0.1084,0.0090,0.8117,0.0121
CLR,yeast-5x2x1,0.2209,0.0050,0.4682,0.0098,0.6776,0.0110,0.5880,0.0134,0.6561,0.0077,0.0956,0.0084,0.4448,0.0144,0.5064,0.0212,0.3639,0.0132,0.6151,0.0093,0.6507,0.0106,0.5834,0.0145,0.2350,0.0079,6.7479,0.1232,0.1799,0.0046,0.7456,0.0038
CLR,yeast-5x2x2,0.2194,0.0068,0.4713,0.0142,0.6760,0.0208,0.5928,0.0209,0.6575,0.0108,0.0989,0.0077,0.4511,0.0176,0.5104,0.0274,0.3684,0.0162,0.6185,0.0138,0.6529,0.0184,0.5879,0.0175,0.2449,0.0156,6.7137,0.0740,0.1798,0.0072,0.7443,0.0118
IBLR-ML,CAL500-5x2x1,0.2343,0.0033,0.1921,0.0036,0.2860,0.0062,0.3716,0.0063,0.3159,0.0046,0.0000,0.0000,0.2774,0.0042,0.1596,0.0072,0.2097,0.0069,0.3177,0.0039,0.2816,0.0048,0.3646,0.0055,0.8686,0.0257,168.0457,0.6082,0.3800,0.0059,0.2579,0.0054
IBLR-ML,CAL500-5x2x2,0.2338,0.0037,0.1924,0.0057,0.2858,0.0110,0.3729,0.0128,0.3166,0.0080,0.0000,0.0000,0.2769,0.0041,0.1645,0.0050,0.2114,0.0101,0.3192,0.0072,0.2832,0.0112,0.3665,0.0120,0.8826,0.0395,167.9730,0.8564,0.3781,0.0122,0.2548,0.0130
IBLR-ML,corel5k-5x2x1,0.0242,0.0006,0.0313,0.0030,0.0602,0.0061,0.0704,0.0068,0.2721,0.0066,0.0020,0.0013,0.1057,0.0056,0.0261,0.0018,0.0456,0.0041,0.0529,0.0048,0.0419,0.0037,0.0718,0.0071,0.9368,0.0070,206.1564,4.4489,0.2768,0.0050,0.1313,0.0028
IBLR-ML,corel5k-5x2x2,0.0242,0.0008,0.0317,0.0025,0.0595,0.0029,0.0739,0.0051,0.2694,0.0182,0.0012,0.0010,0.1061,0.0088,0.0282,0.0017,0.0475,0.0037,0.0554,0.0032,0.0439,0.0026,0.0755,0.0053,0.9434,0.0030,206.7640,2.4738,0.2740,0.0043,0.1344,0.0046
IBLR-ML,emotions-5x2x1,0.1911,0.0101,0.5528,0.0191,0.7201,0.0224,0.6448,0.0209,0.7850,0.0222,0.3154,0.0324,0.6505,0.0232,0.7120,0.0364,0.6262,0.0194,0.6770,0.0197,0.7148,0.0263,0.6434,0.0219,0.2562,0.0432,1.7199,0.1137,0.1517,0.0213,0.8114,0.0272
IBLR-ML,emotions-5x2x2,0.1945,0.0157,0.5364,0.0263,0.7150,0.0385,0.6307,0.0197,0.7810,0.0234,0.3035,0.0261,0.6469,0.0336,0.7165,0.0412,0.6190,0.0322,0.6690,0.0258,0.7127,0.0360,0.6309,0.0249,0.2697,0.0607,1.7067,0.0990,0.1520,0.0197,0.8090,0.0273
IBLR-ML,enron-5x2x1,0.0577,0.0008,0.3156,0.0141,0.6111,0.0108,0.3789,0.0189,0.5830,0.0111,0.0740,0.0144,0.3423,0.0180,0.2106,0.0198,0.1111,0.0089,0.4524,0.0119,0.5734,0.0162,0.3741,0.0153,0.3825,0.0385,15.0174,0.6620,0.1089,0.0075,0.6059,0.0201
IBLR-ML,enron-5x2x2,0.0566,0.0014,0.3295,0.0170,0.6191,0.0157,0.3888,0.0185,0.5936,0.0068,0.0893,0.0144,0.3493,0.0170,0.2252,0.0189,0.1191,0.0052,0.4598,0.0069,0.5878,0.0093,0.3777,0.0102,0.3784,0.0257,14.4808,0.6357,0.1043,0.0050,0.6095,0.0139
IBLR-ML,genbase-5x2x1,0.0023,0.0008,0.9769,0.0083,0.9889,0.0060,0.9859,0.0061,0.9866,0.0045,0.9517,0.0183,0.9714,0.0128,0.9349,0.0258,0.8989,0.0297,0.9754,0.0080,0.9740,0.0123,0.9770,0.0074,0.0106,0.0037,0.4486,0.0941,0.0046,0.0023,0.9865,0.0047
IBLR-ML,genbase-5x2x2,0.0020,0.0009,0.9811,0.0103,0.9909,0.0060,0.9875,0.0113,0.9884,0.0057,0.9607,0.0175,0.9596,0.0240,0.9393,0.0582,0.9024,0.0607,0.9783,0.0100,0.9807,0.0128,0.9762,0.0184,0.0091,0.0088,0.4334,0.1902,0.0035,0.0031,0.9892,0.0070
IBLR-ML,scene-5x2x1,0.0857,0.0073,0.6762,0.0261,0.8250,0.0223,0.6859,0.0255,0.9663,0.0047,0.6406,0.0242,0.7423,0.0216,0.8198,0.0212,0.6834,0.0229,0.7364,0.0232,0.8186,0.0219,0.6693,0.0249,0.2248,0.0216,0.4637,0.0438,0.0759,0.0098,0.8670,0.0140
IBLR-ML,scene-5x2x2,0.0859,0.0069,0.6809,0.0264,0.8210,0.0207,0.6909,0.0275,0.9663,0.0051,0.6452,0.0260,0.7431,0.0224,0.8187,0.0181,0.6850,0.0240,0.7368,0.0235,0.8146,0.0199,0.6727,0.0260,0.2272,0.0256,0.4782,0.0384,0.0791,0.0081,0.8651,0.0142
IBLR-ML,yeast-5x2x1,0.1939,0.0061,0.5220,0.0108,0.7116,0.0084,0.6011,0.0131,0.7017,0.0096,0.2011,0.0109,0.4954,0.0450,0.6965,0.0383,0.3650,0.0078,0.6510,0.0102,0.7151,0.0090,0.5975,0.0114,0.2271,0.0126,6.2295,0.2050,0.1653,0.0118,0.7672,0.0115
IBLR-ML,yeast-5x2x2,0.1944,0.0065,0.5199,0.0122,0.7105,0.0241,0.5988,0.0072,0.6993,0.0132,0.1998,0.0179,0.4935,0.0393,0.6583,0.0837,0.3633,0.0086,0.6495,0.0117,0.7150,0.0221,0.5952,0.0084,0.2238,0.0198,6.2119,0.0584,0.1633,0.0083,0.7682,0.0133
BR-J48,Corel16k001-5x2x1,0.0197,0.0001,0.0660,0.0021,0.3568,0.0095,0.0730,0.0017,0.5248,0.0049,0.0102,0.0006,0.1297,0.0122,0.3391,0.0373,0.0215,0.0019,0.1167,0.0042,0.3587,0.0109,0.0697,0.0027,0.7012,0.0089,56.0698,0.3806,0.1886,0.0024,0.2898,0.0034
BR-J48,Corel16k001-5x2x2,0.0198,0.0001,0.0639,0.0014,0.3464,0.0033,0.0704,0.0021,0.5237,0.0069,0.0089,0.0013,0.1375,0.0141,0.3196,0.0444,0.0215,0.0019,0.1144,0.0019,0.3521,0.0093,0.0683,0.0012,0.7016,0.0020,56.4083,0.9946,0.1896,0.0021,0.2879,0.0024
BR-J48,LLOG-F-5x2x1,0.0220,0.0012,0.1449,0.0232,0.3445,0.0554,0.1759,0.0212,0.7637,0.0318,0.0951,0.0244,0.2921,0.0301,0.2540,0.0499,0.0778,0.0128,0.2129,0.0250,0.3110,0.0453,0.1622,0.0180,0.7723,0.0347,24.5499,1.7374,0.2722,0.0196,0.3082,0.0271
BR-J48,LLOG-F-5x2x2,0.0230,0.0010,0.1389,0.0090,0.3168,0.0147,0.1713,0.0130,0.7604,0.0291,0.0902,0.0120,0.2726,0.0120,0.2311,0.0469,0.0699,0.0157,0.1996,0.0128,0.2773,0.0172,0.1564,0.0134,0.7773,0.0093,26.2154,0.7678,0.2924,0.0103,0.2980,0.0127
BR-J48,medical-5x2x1,0.0105,0.0008,0.7430,0.0182,0.8639,0.0243,0.7963,0.0236,0.9234,0.0122,0.6524,0.0181,0.8334,0.0256,0.7328,0.0651,0.5536,0.0370,0.8056,0.0147,0.8282,0.0187,0.7845,0.0201,0.1922,0.0319,4.2305,0.4941,0.0703,0.0122,0.8363,0.0191
BR-J48,medical-5x2x2,0.0109,0.0008,0.7288,0.0181,0.8627,0.0142,0.7763,0.0216,0.9244,0.0092,0.6421,0.0132,0.7997,0.0324,0.7731,0.0406,0.5480,0.0457,0.7956,0.0119,0.8274,0.0112,0.7662,0.0130,0.1891,0.0193,4.2601,0.9462,0.0702,0.0156,0.8352,0.0122
BR-J48,SLASHDOT-F-5x2x1,0.0434,0.0013,0.3485,0.0081,0.7124,0.0238,0.3695,0.0084,0.9096,0.0060,0.2995,0.0092,0.4141,0.0306,0.6210,0.0378,0.2288,0.0114,0.4642,0.0111,0.6900,0.0259,0.3499,0.0086,0.5065,0.0042,3.5998,0.1066,0.1463,0.0038,0.5933,0.0047
BR-J48,SLASHDOT-F-5x2x2,0.0440,0.0015,0.3419,0.0181,0.7015,0.0228,0.3636,0.0175,0.9066,0.0093,0.2920,0.0210,0.3934,0.0097,0.6433,0.0560,0.2205,0.0128,0.4553,0.0166,0.6806,0.0243,0.3423,0.0148,0.5055,0.0150,3.5440,0.1914,0.1439,0.0080,0.5963,0.0146
CLR,Corel16k001-5x2x1,0.0190,0.0001,0.0456,0.0021,0.4287,0.0226,0.0496,0.0020,0.5250,0.0042,0.0066,0.0010,0.0986,0.0043,0.5783,0.0578,0.0100,0.0009,0.0845,0.0044,0.4292,0.0197,0.0469,0.0025,0.6728,0.0083,42.0559,0.3361,0.1376,0.0015,0.3296,0.0038
CLR,Corel16k001-5x2x2,0.0190,0.0001,0.0456,0.0020,0.4297,0.0082,0.0491,0.0025,0.5261,0.0048,0.0059,0.0012,0.1019,0.0054,0.5733,0.0323,0.0109,0.0007,0.0847,0.0038,0.4316,0.0048,0.0470,0.0023,0.6694,0.0124,42.1599,0.2562,0.1379,0.0012,0.3301,0.0056
CLR,LLOG-F-5x2x1,0.0181,0.0004,0.0489,0.0112,0.6379,0.1122,0.0494,0.0118,0.9071,0.0179,0.0415,0.0105,0.2330,0.0552,0.5297,0.0853,0.0125,0.0022,0.0771,0.0173,0.6102,0.0989,0.0414,0.0098,0.7303,0.0261,12.1421,0.4315,0.1248,0.0026,0.3815,0.0156
CLR,LLOG-F-5x2x2,0.0182,0.0006,0.0424,0.0049,0.5665,0.0462,0.0430,0.0054,0.8838,0.0426,0.0351,0.0068,0.2331,0.0328,0.4627,0.0645,0.0116,0.0033,0.0698,0.0082,0.5601,0.0422,0.0373,0.0047,0.7344,0.0277,11.8419,1.1692,0.1222,0.0128,0.3787,0.0288
CLR,medical-5x2x1,0.0109,0.0011,0.7304,0.0191,0.8678,0.0307,0.7856,0.0199,0.9234,0.0094,0.6401,0.0207,0.8080,0.0178,0.7397,0.0620,0.5184,0.0397,0.7974,0.0162,0.8240,0.0269,0.7731,0.0169,0.1503,0.0306,1.9485,0.3543,0.0275,0.0054,0.8846,0.0227
CLR,medical-5x2x2,0.0109,0.0007,0.7209,0.0099,0.8720,0.0131,0.7737,0.0131,0.9193,0.0091,0.6278,0.0120,0.7804,0.0216,0.7852,0.0289,0.5260,0.0306,0.7956,0.0068,0.8277,0.0150,0.7660,0.0060,0.1615,0.0146,2.1570,0.5120,0.0319,0.0071,0.8773,0.0058
CLR,SLASHDOT-F-5x2x1,0.0454,0.0010,0.3252,0.0080,0.6785,0.0179,0.3556,0.0074,0.8921,0.0069,0.2702,0.0110,0.4095,0.0273,0.6562,0.0729,0.2183,0.0111,0.4441,0.0074,0.6504,0.0179,0.3373,0.0053,0.5372,0.0165,2.9705,0.0715,0.1199,0.0026,0.5955,0.0078
CLR,SLASHDOT-F-5x2x2,0.0457,0.0019,0.3219,0.0203,0.6802,0.0288,0.3539,0.0199,0.8882,0.0113,0.2662,0.0234,0.3869,0.0131,0.6395,0.0612,0.2124,0.0115,0.4390,0.0202,0.6443,0.0276,0.3330,0.0175,0.5402,0.0108,2.9596,0.1055,0.1192,0.0050,0.5938,0.0086
HOMER,Corel16k001-5x2x1,0.0254,0.0003,0.1126,0.0036,0.2458,0.0057,0.1598,0.0066,0.4501,0.0069,0.0089,0.0011,0.1386,0.0086,0.1070,0.0100,0.0459,0.0042,0.1846,0.0053,0.2301,0.0042,0.1541,0.0062,0.7764,0.0089,100.9697,2.5268,0.4061,0.0142,0.1745,0.0056
HOMER,Corel16k001-5x2x2,0.0256,0.0003,0.1150,0.0057,0.2493,0.0037,0.1645,0.0094,0.4444,0.0058,0.0081,0.0025,0.1340,0.0057,0.1096,0.0090,0.0471,0.0023,0.1885,0.0070,0.2308,0.0033,0.1594,0.0085,0.7776,0.0118,100.3112,0.7568,0.4004,0.0048,0.1753,0.0065
HOMER,LLOG-F-5x2x1,0.0301,0.0009,0.1054,0.0196,0.1952,0.0234,0.1562,0.0320,0.6649,0.0296,0.0568,0.0151,0.2457,0.0297,0.0885,0.0184,0.0621,0.0080,0.1465,0.0253,0.1524,0.0232,0.1414,0.0279,0.8747,0.0201,38.8991,1.7880,0.4636,0.0181,0.1684,0.0222
HOMER,LLOG-F-5x2x2,0.0308,0.0019,0.1052,0.0156,0.1952,0.0215,0.1643,0.0180,0.6403,0.0310,0.0542,0.0152,0.2304,0.0267,0.0842,0.0116,0.0716,0.0101,0.1516,0.0138,0.1544,0.0179,0.1498,0.0149,0.8683,0.0120,38.4358,2.0382,0.4562,0.0211,0.1790,0.0149
HOMER,medical-5x2x1,0.0111,0.0011,0.7420,0.0295,0.8528,0.0246,0.7957,0.0355,0.9170,0.0114,0.6462,0.0307,0.7871,0.0151,0.6894,0.0604,0.5339,0.0417,0.7957,0.0172,0.8133,0.0243,0.7798,0.0282,0.2117,0.0326,4.9900,0.9935,0.0837,0.0219,0.8052,0.0258
HOMER,medical-5x2x2,0.0106,0.0013,0.7418,0.0281,0.8621,0.0304,0.7860,0.0273,0.9306,0.0058,0.6595,0.0292,0.8014,0.0339,0.7170,0.0828,0.5372,0.0561,0.8032,0.0188,0.8318,0.0328,0.7775,0.0233,0.2229,0.0445,5.5209,0.6436,0.0991,0.0091,0.7921,0.0311
HOMER,SLASHDOT-F-5x2x1,0.0491,0.0019,0.3521,0.0219,0.5986,0.0345,0.3815,0.0266,0.8954,0.0088,0.2948,0.0171,0.3972,0.0083,0.5551,0.0272,0.2385,0.0148,0.4412,0.0084,0.5724,0.0314,0.3609,0.0236,0.5655,0.0197,6.3977,0.3715,0.2688,0.0169,0.5061,0.0192
HOMER,SLASHDOT-F-5x2x2,0.0491,0.0023,0.3547,0.0262,0.6039,0.0477,0.3891,0.0281,0.8858,0.0107,0.2924,0.0271,0.4021,0.0139,0.5101,0.0449,0.2315,0.0097,0.4446,0.0217,0.5694,0.0410,0.3661,0.0241,0.5692,0.0232,6.5549,0.2720,0.2757,0.0097,0.5035,0.0178
IBLR-ML,Corel16k001-5x2x1,0.0192,0.0001,0.0253,0.0011,0.3193,0.0160,0.0282,0.0013,0.5535,0.0099,0.0044,0.0007,0.1168,0.0061,0.1626,0.0255,0.0183,0.0016,0.0501,0.0030,0.3263,0.0168,0.0271,0.0017,0.7174,0.0066,50.8220,0.4759,0.1735,0.0024,0.2940,0.0033
IBLR-ML,Corel16k001-5x2x2,0.0193,0.0002,0.0253,0.0011,0.3288,0.0138,0.0284,0.0018,0.5435,0.0119,0.0047,0.0008,0.1114,0.0101,0.1740,0.0400,0.0198,0.0019,0.0508,0.0030,0.3245,0.0353,0.0276,0.0018,0.7200,0.0088,51.1628,0.6079,0.1740,0.0012,0.2930,0.0037
IBLR-ML,LLOG-F-5x2x1,0.0336,0.0021,0.0276,0.0037,0.0576,0.0058,0.0488,0.0055,0.5467,0.0453,0.0144,0.0032,0.1771,0.0279,0.0487,0.0128,0.0391,0.0114,0.0490,0.0060,0.0514,0.0082,0.0471,0.0051,0.9051,0.0146,23.2348,1.2299,0.2586,0.0117,0.2070,0.0076
IBLR-ML,LLOG-F-5x2x2,0.0336,0.0014,0.0369,0.0085,0.0715,0.0164,0.0632,0.0155,0.5746,0.0424,0.0168,0.0047,0.1889,0.0364,0.0572,0.0139,0.0398,0.0114,0.0629,0.0150,0.0640,0.0134,0.0620,0.0166,0.9250,0.0086,22.8315,2.1406,0.2539,0.0217,0.1968,0.0109
IBLR-ML,medical-5x2x1,0.0195,0.0014,0.5758,0.0287,0.7372,0.0238,0.6424,0.0362,0.8727,0.0217,0.4642,0.0340,0.6401,0.0419,0.3230,0.0338,0.3362,0.0367,0.6360,0.0270,0.6578,0.0228,0.6161,0.0349,0.3078,0.0165,3.9092,0.5155,0.0658,0.0102,0.7553,0.0214
IBLR-ML,medical-5x2x2,0.0200,0.0008,0.5584,0.0193,0.7172,0.0248,0.6321,0.0352,0.8621,0.0163,0.4396,0.0197,0.6407,0.0381,0.3436,0.0158,0.3737,0.0539,0.6289,0.0141,0.6495,0.0249,0.6116,0.0335,0.3313,0.0217,3.8722,0.6508,0.0648,0.0095,0.7459,0.0162
IBLR-ML,SLASHDOT-F-5x2x1,0.0509,0.0005,0.0983,0.0084,0.7074,0.0586,0.1023,0.0090,0.9118,0.0138,0.0845,0.0070,0.2201,0.0382,0.5540,0.0754,0.0760,0.0135,0.1700,0.0139,0.6927,0.0551,0.0972,0.0094,0.6100,0.0156,3.6949,0.0223,0.1532,0.0018,0.5402,0.0086
IBLR-ML,SLASHDOT-F-5x2x2,0.0496,0.0012,0.1554,0.0521,0.7051,0.0425,0.1598,0.0534,0.9261,0.0124,0.1387,0.0488,0.2564,0.0675,0.5634,0.0882,0.0854,0.0261,0.2384,0.0600,0.6891,0.0375,0.1474,0.0466,0.5948,0.0214,3.6962,0.1408,0.1533,0.0052,0.5468,0.0143
LP-J48,Corel16k001-5x2x1,0.0320,0.0001,0.0879,0.0036,0.1340,0.0060,0.1262,0.0050,0.4565,0.0041,0.0197,0.0010,0.0932,0.0043,0.0508,0.0033,0.0499,0.0035,0.1252,0.0053,0.1281,0.0057,0.1225,0.0050,0.9704,0.0051,109.3766,0.7838,0.4667,0.0066,0.0651,0.0034
LP-J48,Corel16k001-5x2x2,0.0322,0.0001,0.0841,0.0015,0.1287,0.0022,0.1215,0.0025,0.4554,0.0055,0.0175,0.0020,0.0919,0.0055,0.0473,0.0031,0.0484,0.0035,0.1208,0.0009,0.1231,0.0011,0.1185,0.0009,0.9725,0.0043,109.0970,0.8464,0.4662,0.0043,0.0636,0.0024
LP-J48,LLOG-F-5x2x1,0.0314,0.0006,0.1314,0.0123,0.1580,0.0154,0.1530,0.0136,0.7796,0.0135,0.0894,0.0084,0.2304,0.0299,0.0748,0.0170,0.0779,0.0171,0.1425,0.0137,0.1428,0.0135,0.1424,0.0142,0.8739,0.0131,42.5625,0.7960,0.5137,0.0090,0.1471,0.0108
LP-J48,LLOG-F-5x2x2,0.0314,0.0012,0.1230,0.0101,0.1526,0.0126,0.1365,0.0103,0.7828,0.0150,0.0886,0.0063,0.2117,0.0181,0.0634,0.0109,0.0593,0.0121,0.1325,0.0148,0.1340,0.0140,0.1311,0.0158,0.8810,0.0178,42.6576,1.8313,0.5138,0.0199,0.1391,0.0142
LP-J48,medical-5x2x1,0.0140,0.0019,0.7264,0.0430,0.7774,0.0397,0.7530,0.0397,0.9294,0.0148,0.6492,0.0531,0.7555,0.0351,0.5943,0.0429,0.4832,0.0464,0.7428,0.0365,0.7574,0.0378,0.7288,0.0355,0.2393,0.0404,7.8901,0.9477,0.1428,0.0203,0.7433,0.0361
LP-J48,medical-5x2x2,0.0133,0.0012,0.7383,0.0163,0.7863,0.0110,0.7571,0.0186,0.9399,0.0075,0.6707,0.0240,0.7782,0.0324,0.6228,0.0611,0.5044,0.0401,0.7530,0.0206,0.7738,0.0157,0.7336,0.0290,0.2423,0.0155,7.8626,0.7310,0.1412,0.0100,0.7424,0.0133
LP-J48,SLASHDOT-F-5x2x1,0.0547,0.0024,0.4604,0.0174,0.5061,0.0221,0.4749,0.0191,0.9186,0.0068,0.4030,0.0120,0.4140,0.0145,0.3726,0.0307,0.3193,0.0144,0.4689,0.0223,0.4907,0.0232,0.4489,0.0217,0.5143,0.0167,6.3601,0.0317,0.2652,0.0032,0.5368,0.0091
LP-J48,SLASHDOT-F-5x2x2,0.0560,0.0009,0.4501,0.0086,0.4962,0.0100,0.4655,0.0117,0.9139,0.0056,0.3913,0.0060,0.3900,0.0145,0.3706,0.0266,0.3259,0.0246,0.4589,0.0112,0.4776,0.0135,0.4417,0.0106,0.5193,0.0079,6.2409,0.1932,0.2601,0.0096,0.5332,0.0081
RAkEL-BR,Corel16k001-5x2x1,0.0197,0.0001,0.0655,0.0020,0.3570,0.0097,0.0725,0.0016,0.5233,0.0047,0.0086,0.0010,0.1236,0.0103,0.3303,0.0361,0.0199,0.0014,0.1156,0.0040,0.3569,0.0108,0.0690,0.0026,0.8471,0.0075,102.6819,0.5531,0.4159,0.0040,0.1141,0.0027
RAkEL-BR,Corel16k001-5x2x2,0.0198,0.0001,0.0635,0.0013,0.3465,0.0033,0.0699,0.0021,0.5221,0.0062,0.0074,0.0008,0.1318,0.0127,0.3114,0.0430,0.0200,0.0015,0.1134,0.0018,0.3504,0.0085,0.0677,0.0012,0.8504,0.0044,102.6711,0.4976,0.4161,0.0010,0.1120,0.0010
RAkEL-BR,LLOG-F-5x2x1,0.0220,0.0012,0.1449,0.0232,0.3445,0.0554,0.1759,0.0212,0.7637,0.0318,0.0951,0.0244,0.2921,0.0301,0.2540,0.0499,0.0778,0.0128,0.2129,0.0250,0.3110,0.0453,0.1622,0.0180,0.8130,0.0384,39.4350,1.2097,0.4716,0.0079,0.2012,0.0263
RAkEL-BR,LLOG-F-5x2x2,0.0230,0.0010,0.1389,0.0090,0.3168,0.0147,0.1713,0.0130,0.7604,0.0291,0.0902,0.0120,0.2726,0.0120,0.2311,0.0469,0.0699,0.0157,0.1996,0.0128,0.2773,0.0172,0.1564,0.0134,0.8205,0.0129,39.6035,2.1512,0.4714,0.0215,0.1954,0.0128
RAkEL-BR,medical-5x2x1,0.0105,0.0008,0.7430,0.0182,0.8639,0.0243,0.7963,0.0236,0.9234,0.0122,0.6524,0.0181,0.8334,0.0256,0.7328,0.0651,0.5536,0.0370,0.8056,0.0147,0.8282,0.0187,0.7845,0.0201,0.2178,0.0298,5.8129,0.6783,0.1060,0.0160,0.7886,0.0244
RAkEL-BR,medical-5x2x2,0.0109,0.0008,0.7288,0.0181,0.8627,0.0142,0.7763,0.0216,0.9244,0.0092,0.6421,0.0132,0.7997,0.0324,0.7731,0.0406,0.5480,0.0457,0.7956,0.0119,0.8274,0.0112,0.7662,0.0130,0.2351,0.0321,5.9459,0.6104,0.1082,0.0135,0.7729,0.0176
RAkEL-BR,SLASHDOT-F-5x2x1,0.0434,0.0013,0.3485,0.0081,0.7124,0.0238,0.3695,0.0084,0.9096,0.0060,0.2995,0.0092,0.4141,0.0306,0.6210,0.0378,0.2288,0.0114,0.4642,0.0111,0.6900,0.0259,0.3499,0.0086,0.5343,0.0056,6.1596,0.0845,0.2580,0.0045,0.5188,0.0055
RAkEL-BR,SLASHDOT-F-5x2x2,0.0440,0.0015,0.3419,0.0181,0.7015,0.0228,0.3636,0.0175,0.9066,0.0093,0.2920,0.0210,0.3934,0.0097,0.6433,0.0560,0.2205,0.0128,0.4553,0.0166,0.6806,0.0243,0.3423,0.0148,0.5442,0.0214,6.2169,0.1682,0.2606,0.0068,0.5121,0.0176
BR-J48,tmc2007-5x2x1,0.0569,0.0008,0.6031,0.0041,0.7655,0.0055,0.7090,0.0045,0.7736,0.0023,0.3356,0.0038,0.5994,0.0098,0.6873,0.0064,0.5464,0.0093,0.7056,0.0045,0.7382,0.0057,0.6758,0.0041,0.2386,0.0044,5.3419,0.0748,0.1126,0.0031,0.7765,0.0027
BR-J48,tmc2007-5x2x2,0.0566,0.0003,0.6057,0.0039,0.7695,0.0054,0.7122,0.0030,0.7725,0.0008,0.3358,0.0034,0.6036,0.0076,0.6880,0.0106,0.5514,0.0069,0.7070,0.0027,0.7399,0.0048,0.6769,0.0023,0.2361,0.0055,5.4279,0.0766,0.1152,0.0025,0.7761,0.0032
CLR,tmc2007-5x2x1,0.0541,0.0006,0.6115,0.0029,0.7833,0.0050,0.7263,0.0049,0.7827,0.0019,0.3427,0.0022,0.6051,0.0110,0.7451,0.0146,0.5397,0.0093,0.7215,0.0036,0.7510,0.0049,0.6943,0.0043,0.1577,0.0042,2.4073,0.0433,0.0346,0.0015,0.8585,0.0035
CLR,tmc2007-5x2x2,0.0535,0.0004,0.6148,0.0032,0.7878,0.0033,0.7284,0.0024,0.7843,0.0013,0.3436,0.0056,0.6095,0.0074,0.7522,0.0068,0.5426,0.0058,0.7242,0.0018,0.7549,0.0045,0.6960,0.0021,0.1573,0.0052,2.4132,0.0221,0.0348,0.0003,0.8583,0.0024
HOMER,tmc2007-5x2x1,0.0613,0.0006,0.6014,0.0044,0.7342,0.0030,0.7349,0.0089,0.7615,0.0019,0.3288,0.0032,0.5988,0.0100,0.6343,0.0083,0.5759,0.0129,0.6976,0.0050,0.6943,0.0031,0.7010,0.0099,0.2764,0.0072,6.7070,0.4749,0.1570,0.0151,0.7183,0.0112
HOMER,tmc2007-5x2x2,0.0606,0.0008,0.6044,0.0032,0.7412,0.0072,0.7314,0.0043,0.7668,0.0017,0.3358,0.0043,0.5948,0.0072,0.6327,0.0128,0.5705,0.0085,0.6988,0.0032,0.7010,0.0079,0.6967,0.0055,0.2756,0.0054,6.8086,0.1499,0.1603,0.0043,0.7154,0.0022
IBLR-ML,tmc2007-5x2x1,0.0646,0.0008,0.5328,0.0030,0.7306,0.0057,0.6221,0.0038,0.7417,0.0027,0.2631,0.0048,0.4684,0.0079,0.6828,0.0076,0.3832,0.0068,0.6456,0.0036,0.7235,0.0046,0.5828,0.0031,0.2291,0.0032,3.0387,0.0163,0.0555,0.0007,0.7968,0.0019
IBLR-ML,tmc2007-5x2x2,0.0647,0.0005,0.5315,0.0025,0.7313,0.0057,0.6188,0.0029,0.7424,0.0012,0.2659,0.0005,0.4651,0.0049,0.6845,0.0064,0.3799,0.0052,0.6439,0.0020,0.7240,0.0053,0.5798,0.0026,0.2305,0.0044,3.0692,0.0398,0.0562,0.0005,0.7954,0.0018
LP-J48,tmc2007-5x2x1,0.0736,0.0009,0.5612,0.0054,0.6703,0.0039,0.6599,0.0052,0.7560,0.0046,0.3631,0.0068,0.5192,0.0080,0.5320,0.0103,0.5094,0.0071,0.6317,0.0057,0.6378,0.0056,0.6256,0.0060,0.4874,0.0041,10.2067,0.1246,0.3325,0.0043,0.5402,0.0027
LP-J48,tmc2007-5x2x2,0.0727,0.0004,0.5667,0.0036,0.6752,0.0061,0.6657,0.0030,0.7580,0.0017,0.3680,0.0047,0.5230,0.0076,0.5373,0.0091,0.5111,0.0074,0.6360,0.0032,0.6422,0.0061,0.6300,0.0046,0.4881,0.0056,10.2562,0.0504,0.3334,0.0010,0.5388,0.0025
RAkEL-BR,tmc2007-5x2x1,0.0569,0.0008,0.6031,0.0041,0.7655,0.0055,0.7090,0.0045,0.7736,0.0023,0.3356,0.0038,0.5994,0.0098,0.6873,0.0064,0.5464,0.0093,0.7056,0.0045,0.7382,0.0057,0.6758,0.0041,0.2527,0.0066,7.7241,0.0350,0.1869,0.0012,0.7046,0.0040
RAkEL-BR,tmc2007-5x2x2,0.0566,0.0003,0.6057,0.0039,0.7695,0.0054,0.7122,0.0030,0.7725,0.0008,0.3358,0.0034,0.6036,0.0076,0.6880,0.0106,0.5514,0.0069,0.7070,0.0027,0.7399,0.0048,0.6769,0.0023,0.2478,0.0090,7.7286,0.0246,0.1856,0.0016,0.7072,0.0037
BR-J48,bibtex-5x2x1,0.0148,0.0004,0.3013,0.0122,0.5771,0.0171,0.3664,0.0124,0.6375,0.0098,0.1389,0.0119,0.3383,0.0096,0.3788,0.0117,0.2434,0.0057,0.4020,0.0112,0.5188,0.0171,0.3283,0.0100,0.5049,0.0211,48.6702,1.9320,0.1641,0.0084,0.4759,0.0146
BR-J48,bibtex-5x2x2,0.0147,0.0002,0.2990,0.0079,0.5769,0.0170,0.3649,0.0091,0.6392,0.0040,0.1347,0.0086,0.3353,0.0060,0.3859,0.0067,0.2438,0.0077,0.4022,0.0073,0.5219,0.0133,0.3273,0.0078,0.5071,0.0134,48.6091,1.5965,0.1629,0.0075,0.4734,0.0116
CLR,bibtex-5x2x1,0.0127,0.0004,0.2339,0.0102,0.8269,0.0138,0.2476,0.0101,0.6711,0.0077,0.1218,0.0091,0.3444,0.0045,0.6660,0.0218,0.1379,0.0035,0.3388,0.0128,0.7874,0.0168,0.2159,0.0094,0.4128,0.0211,18.4408,1.0756,0.0617,0.0043,0.5647,0.0177
CLR,bibtex-5x2x2,0.0128,0.0002,0.2293,0.0092,0.8266,0.0079,0.2448,0.0093,0.6692,0.0042,0.1186,0.0069,0.3240,0.0091,0.6666,0.0120,0.1360,0.0047,0.3354,0.0071,0.7829,0.0067,0.2134,0.0056,0.4092,0.0067,18.6380,0.3997,0.0623,0.0014,0.5623,0.0067
HOMER,bibtex-5x2x1,0.0185,0.0007,0.2717,0.0123,0.4671,0.0166,0.3703,0.0143,0.5906,0.0124,0.1159,0.0114,0.3062,0.0072,0.2809,0.0108,0.2523,0.0097,0.3571,0.0106,0.3769,0.0103,0.3394,0.0118,0.6127,0.0186,78.9160,0.9769,0.3264,0.0070,0.3338,0.0122
HOMER,bibtex-5x2x2,0.0185,0.0004,0.2710,0.0056,0.4701,0.0106,0.3729,0.0087,0.5833,0.0033,0.1164,0.0068,0.3021,0.0057,0.2817,0.0108,0.2540,0.0069,0.3564,0.0068,0.3760,0.0103,0.3389,0.0076,0.6089,0.0147,79.5769,1.1212,0.3302,0.0080,0.3346,0.0056
IBLR-ML,bibtex-5x2x1,0.0165,0.0007,0.1779,0.0088,0.4976,0.0150,0.2127,0.0094,0.6010,0.0080,0.0813,0.0053,0.2186,0.0112,0.2247,0.0138,0.1236,0.0065,0.2673,0.0059,0.4094,0.0207,0.1986,0.0037,0.6018,0.0153,44.1734,1.7731,0.1743,0.0093,0.3607,0.0142
IBLR-ML,bibtex-5x2x2,0.0166,0.0002,0.1714,0.0034,0.4864,0.0175,0.2065,0.0063,0.5898,0.0043,0.0761,0.0043,0.2094,0.0108,0.2165,0.0069,0.1156,0.0078,0.2583,0.0063,0.3992,0.0143,0.1911,0.0068,0.6068,0.0101,43.9531,0.5678,0.1741,0.0025,0.3583,0.0028
LP-J48,bibtex-5x2x1,0.0206,0.0005,0.2610,0.0102,0.3442,0.0151,0.3248,0.0132,0.6132,0.0082,0.1451,0.0066,0.2530,0.0085,0.2128,0.0091,0.2051,0.0107,0.2966,0.0108,0.3067,0.0099,0.2873,0.0127,0.7789,0.0199,90.5467,1.5633,0.4152,0.0092,0.2233,0.0153
LP-J48,bibtex-5x2x2,0.0207,0.0003,0.2578,0.0057,0.3420,0.0062,0.3206,0.0082,0.6140,0.0100,0.1421,0.0044,0.2575,0.0025,0.2128,0.0080,0.2043,0.0054,0.2946,0.0043,0.3040,0.0074,0.2859,0.0046,0.7707,0.0084,90.8978,1.1004,0.4165,0.0082,0.2243,0.0045
RAkEL-BR,bibtex-5x2x1,0.0148,0.0004,0.3013,0.0122,0.5771,0.0171,0.3664,0.0124,0.6375,0.0098,0.1389,0.0119,0.3383,0.0096,0.3788,0.0117,0.2434,0.0057,0.4020,0.0112,0.5188,0.0171,0.3283,0.0100,0.5751,0.0231,74.7168,1.5387,0.3111,0.0091,0.3462,0.0139
RAkEL-BR,bibtex-5x2x2,0.0147,0.0002,0.2990,0.0079,0.5769,0.0170,0.3649,0.0091,0.6392,0.0040,0.1347,0.0086,0.3353,0.0060,0.3859,0.0067,0.2438,0.0077,0.4022,0.0073,0.5219,0.0133,0.3273,0.0078,0.5739,0.0065,74.9636,0.9768,0.3124,0.0058,0.3445,0.0074
BR-J48,mediamill-5x2x1,0.0337,0.0002,0.4180,0.0011,0.6501,0.0014,0.5365,0.0021,0.6043,0.0021,0.0777,0.0015,0.2784,0.0040,0.3741,0.0081,0.1644,0.0025,0.5610,0.0019,0.6442,0.0009,0.4968,0.0025,0.4119,0.0033,50.9681,0.6382,0.1733,0.0032,0.5731,0.0019
BR-J48,mediamill-5x2x2,0.0336,0.0002,0.4207,0.0021,0.6502,0.0023,0.5405,0.0039,0.6064,0.0011,0.0798,0.0022,0.2764,0.0138,0.3819,0.0060,0.1625,0.0088,0.5633,0.0026,0.6446,0.0023,0.5002,0.0035,0.4132,0.0092,50.5702,0.4357,0.1726,0.0020,0.5754,0.0021
CLR,mediamill-5x2x1,0.0285,0.0001,0.4489,0.0025,0.7792,0.0023,0.5225,0.0027,0.6360,0.0025,0.1073,0.0017,0.2309,0.0085,0.8112,0.0160,0.0936,0.0027,0.5927,0.0030,0.7772,0.0025,0.4790,0.0033,0.1471,0.0017,12.7571,0.0799,0.0323,0.0001,0.7605,0.0011
CLR,mediamill-5x2x2,0.0285,0.0002,0.4492,0.0024,0.7771,0.0018,0.5230,0.0035,0.6364,0.0018,0.1048,0.0024,0.2244,0.0079,0.8045,0.0113,0.0910,0.0051,0.5928,0.0027,0.7759,0.0017,0.4796,0.0031,0.1479,0.0047,12.7002,0.1400,0.0322,0.0005,0.7602,0.0023
HOMER,mediamill-5x2x1,0.0371,0.0007,0.4094,0.0022,0.6093,0.0113,0.5616,0.0107,0.5927,0.0031,0.0691,0.0040,0.2381,0.0041,0.2446,0.0069,0.1545,0.0056,0.5492,0.0019,0.5801,0.0117,0.5218,0.0095,0.3768,0.0529,55.1457,1.4111,0.2226,0.0094,0.5141,0.0148
HOMER,mediamill-5x2x2,0.0375,0.0005,0.4082,0.0037,0.6006,0.0072,0.5680,0.0061,0.5908,0.0041,0.0672,0.0032,0.2428,0.0035,0.2591,0.0050,0.1643,0.0029,0.5494,0.0044,0.5724,0.0067,0.5284,0.0057,0.4019,0.0694,53.2963,0.6537,0.2111,0.0039,0.5091,0.0157
IBLR-ML,mediamill-5x2x1,0.0285,0.0001,0.4657,0.0019,0.7620,0.0031,0.5352,0.0017,0.6498,0.0017,0.1475,0.0017,0.2841,0.0086,0.5427,0.0226,0.1687,0.0080,0.5984,0.0021,0.7673,0.0037,0.4905,0.0021,0.1570,0.0027,14.1028,0.1460,0.0375,0.0003,0.7530,0.0013
IBLR-ML,mediamill-5x2x2,0.0285,0.0002,0.4663,0.0027,0.7627,0.0024,0.5361,0.0028,0.6498,0.0027,0.1468,0.0038,0.2770,0.0106,0.5584,0.0142,0.1692,0.0045,0.5990,0.0032,0.7677,0.0029,0.4910,0.0034,0.1561,0.0031,14.0565,0.1418,0.0373,0.0006,0.7539,0.0028
LP-J48,mediamill-5x2x1,0.0429,0.0001,0.3850,0.0002,0.5419,0.0020,0.5332,0.0013,0.5808,0.0015,0.1224,0.0036,0.2211,0.0069,0.1964,0.0060,0.1915,0.0050,0.5008,0.0006,0.5050,0.0013,0.4967,0.0013,0.6467,0.0045,59.6268,0.2906,0.3404,0.0027,0.3265,0.0035
LP-J48,mediamill-5x2x2,0.0430,0.0002,0.3847,0.0017,0.5427,0.0009,0.5325,0.0014,0.5802,0.0013,0.1240,0.0032,0.2215,0.0080,0.1960,0.0068,0.1896,0.0092,0.4994,0.0023,0.5042,0.0023,0.4947,0.0026,0.6454,0.0030,59.7885,0.3368,0.3414,0.0020,0.3259,0.0011
RAkEL-BR,mediamill-5x2x1,0.0337,0.0002,0.4180,0.0011,0.6501,0.0014,0.5365,0.0021,0.6043,0.0021,0.0777,0.0015,0.2784,0.0040,0.3741,0.0081,0.1644,0.0025,0.5610,0.0019,0.6442,0.0009,0.4968,0.0025,0.3480,0.0039,50.7654,0.2230,0.1969,0.0012,0.5129,0.0017
RAkEL-BR,mediamill-5x2x2,0.0336,0.0002,0.4207,0.0021,0.6502,0.0023,0.5405,0.0039,0.6064,0.0011,0.0798,0.0022,0.2764,0.0138,0.3819,0.0060,0.1625,0.0088,0.5633,0.0026,0.6446,0.0023,0.5002,0.0035,0.3479,0.0027,50.5314,0.3462,0.1954,0.0016,0.5162,0.0023
BR-J48,birds-5x2x1,0.0503,0.0059,0.2526,0.0622,0.5569,0.0340,0.3356,0.0840,0.6705,0.0288,0.4682,0.0511,0.4421,0.0538,0.4576,0.0525,0.2734,0.0486,0.4223,0.0540,0.5451,0.0448,0.3468,0.0610,0.7457,0.0283,4.4853,0.6657,0.1676,0.0320,0.4985,0.0593
BR-J48,birds-5x2x2,0.0516,0.0052,0.2604,0.0340,0.5495,0.0654,0.3342,0.0496,0.6921,0.0319,0.4791,0.0474,0.4380,0.0564,0.4878,0.0573,0.2702,0.0449,0.4177,0.0488,0.5272,0.0639,0.3467,0.0429,0.7659,0.0270,4.7271,0.5533,0.1814,0.0259,0.4765,0.0314
BR-J48,flags-5x2x1,0.2644,0.0359,0.5947,0.0535,0.6965,0.0454,0.7507,0.0533,0.7298,0.0421,0.1650,0.0663,0.6779,0.0537,0.6354,0.0286,0.6839,0.0767,0.7372,0.0412,0.7089,0.0401,0.7685,0.0482,0.3100,0.0893,4.0812,0.3586,0.2743,0.0600,0.7776,0.0456
BR-J48,flags-5x2x2,0.2709,0.0231,0.5885,0.0186,0.6845,0.0200,0.7554,0.0263,0.7215,0.0196,0.1391,0.0202,0.6604,0.0296,0.6336,0.0618,0.6959,0.0647,0.7344,0.0236,0.6997,0.0283,0.7734,0.0279,0.3138,0.0802,4.1699,0.1218,0.2786,0.0298,0.7699,0.0234
CLR,birds-5x2x1,0.0460,0.0049,0.2194,0.0682,0.6898,0.0884,0.2586,0.0781,0.6886,0.0399,0.4853,0.0520,0.4204,0.0385,0.5860,0.1487,0.1815,0.0447,0.3843,0.0725,0.6646,0.1017,0.2723,0.0598,0.6760,0.0368,2.4744,0.4373,0.0826,0.0184,0.6352,0.0529
CLR,birds-5x2x2,0.0460,0.0043,0.2286,0.0435,0.6980,0.0885,0.2633,0.0486,0.7121,0.0310,0.4977,0.0384,0.4070,0.0448,0.6028,0.0807,0.1818,0.0403,0.3880,0.0582,0.6666,0.0742,0.2748,0.0478,0.6729,0.0396,2.5147,0.2023,0.0827,0.0084,0.6334,0.0260
CLR,flags-5x2x1,0.2666,0.0206,0.6021,0.0289,0.6843,0.0329,0.8030,0.0307,0.7323,0.0233,0.1086,0.0427,0.6613,0.0249,0.6297,0.0225,0.7403,0.0577,0.7476,0.0254,0.6895,0.0297,0.8171,0.0297,0.2013,0.0538,3.6182,0.1175,0.1855,0.0233,0.8374,0.0272
CLR,flags-5x2x2,0.2541,0.0137,0.6216,0.0133,0.6933,0.0162,0.8178,0.0193,0.7446,0.0161,0.1441,0.0378,0.6898,0.0281,0.6328,0.0483,0.7478,0.0449,0.7597,0.0137,0.7011,0.0207,0.8296,0.0154,0.1857,0.0383,3.7016,0.1155,0.1969,0.0171,0.8306,0.0175
HOMER,birds-5x2x1,0.0585,0.0054,0.2314,0.0190,0.4652,0.0286,0.3203,0.0418,0.6365,0.0208,0.4651,0.0495,0.4129,0.0289,0.3773,0.0484,0.2808,0.0347,0.3872,0.0213,0.4399,0.0187,0.3477,0.0337,0.8109,0.0167,5.2992,0.6621,0.2090,0.0278,0.3932,0.0227
HOMER,birds-5x2x2,0.0553,0.0047,0.2603,0.0329,0.5189,0.0639,0.3418,0.0310,0.6702,0.0351,0.4822,0.0338,0.4302,0.0486,0.3948,0.0574,0.2918,0.0489,0.4111,0.0404,0.4761,0.0443,0.3621,0.0392,0.7798,0.0280,4.9380,0.3311,0.1918,0.0224,0.4408,0.0317
HOMER,flags-5x2x1,0.2740,0.0230,0.5945,0.0356,0.6860,0.0280,0.7882,0.0440,0.7195,0.0315,0.1188,0.0219,0.6887,0.0486,0.5961,0.0366,0.7028,0.0657,0.7374,0.0295,0.6864,0.0268,0.7971,0.0387,0.3047,0.1216,4.2783,0.2705,0.2910,0.0512,0.7696,0.0448
HOMER,flags-5x2x2,0.2716,0.0186,0.6058,0.0136,0.6876,0.0182,0.8042,0.0189,0.7362,0.0162,0.1343,0.0269,0.6955,0.0203,0.6313,0.0397,0.7711,0.0378,0.7450,0.0145,0.6841,0.0241,0.8188,0.0185,0.3189,0.0700,4.2470,0.1376,0.2875,0.0357,0.7636,0.0264
IBLR-ML,birds-5x2x1,0.0508,0.0056,0.2530,0.0159,0.5524,0.0463,0.3418,0.0227,0.6818,0.0252,0.4760,0.0271,0.4685,0.0159,0.4443,0.0475,0.3467,0.0254,0.4416,0.0230,0.5365,0.0388,0.3756,0.0158,0.7271,0.0308,2.6915,0.4834,0.0941,0.0206,0.5853,0.0484
IBLR-ML,birds-5x2x2,0.0511,0.0037,0.2523,0.0110,0.5628,0.0475,0.3288,0.0159,0.6860,0.0116,0.4822,0.0423,0.5010,0.0318,0.4570,0.0467,0.2997,0.0452,0.4105,0.0187,0.5383,0.0468,0.3330,0.0165,0.7085,0.0248,2.6496,0.0691,0.0899,0.0040,0.6079,0.0193
IBLR-ML,flags-5x2x1,0.2638,0.0201,0.6077,0.0341,0.7090,0.0329,0.7807,0.0385,0.7309,0.0260,0.1494,0.0295,0.6452,0.0537,0.6315,0.0481,0.6744,0.0681,0.7403,0.0250,0.7071,0.0328,0.7778,0.0306,0.2482,0.0984,3.6395,0.1053,0.2017,0.0355,0.8202,0.0406
IBLR-ML,flags-5x2x2,0.2664,0.0310,0.5961,0.0419,0.7112,0.0430,0.7621,0.0326,0.7243,0.0268,0.1499,0.0728,0.6406,0.0351,0.6649,0.0187,0.6833,0.0683,0.7366,0.0266,0.7088,0.0359,0.7677,0.0300,0.2421,0.0614,3.7159,0.1713,0.2101,0.0201,0.8154,0.0215
RAkEL-BR,birds-5x2x1,0.0503,0.0059,0.2526,0.0622,0.5569,0.0340,0.3356,0.0840,0.6705,0.0288,0.4682,0.0511,0.4421,0.0538,0.4576,0.0525,0.2734,0.0486,0.4223,0.0540,0.5451,0.0448,0.3468,0.0610,0.7783,0.0305,5.0698,0.7003,0.2029,0.0379,0.4259,0.0639
RAkEL-BR,birds-5x2x2,0.0516,0.0052,0.2604,0.0340,0.5495,0.0654,0.3342,0.0496,0.6921,0.0319,0.4791,0.0474,0.4380,0.0564,0.4878,0.0573,0.2702,0.0449,0.4177,0.0488,0.5272,0.0639,0.3467,0.0429,0.7705,0.0320,5.0760,0.4784,0.2054,0.0222,0.4264,0.0399
RAkEL-BR,flags-5x2x1,0.2644,0.0359,0.5947,0.0535,0.6965,0.0454,0.7507,0.0533,0.7298,0.0421,0.1650,0.0663,0.6779,0.0537,0.6354,0.0286,0.6839,0.0767,0.7372,0.0412,0.7089,0.0401,0.7685,0.0482,0.3973,0.1062,4.3758,0.1943,0.3427,0.0494,0.7311,0.0376
RAkEL-BR,flags-5x2x2,0.2709,0.0231,0.5885,0.0186,0.6845,0.0200,0.7554,0.0263,0.7215,0.0196,0.1391,0.0202,0.6604,0.0296,0.6336,0.0618,0.6959,0.0647,0.7344,0.0236,0.6997,0.0283,0.7734,0.0279,0.3916,0.0743,4.3765,0.2213,0.3479,0.0174,0.7307,0.0191
